consumer	producer	configuration
:app	:core:ble	debugCompileClasspath
:app	:core:ble	debugRuntimeClasspath
:app	:core:ble	implementation
:app	:core:ble	releaseCompileClasspath
:app	:core:ble	releaseRuntimeClasspath
:app	:core:connectivity	debugCompileClasspath
:app	:core:connectivity	debugRuntimeClasspath
:app	:core:connectivity	implementation
:app	:core:connectivity	releaseCompileClasspath
:app	:core:connectivity	releaseRuntimeClasspath
:app	:core:contracts	debugCompileClasspath
:app	:core:contracts	debugRuntimeClasspath
:app	:core:contracts	implementation
:app	:core:contracts	releaseCompileClasspath
:app	:core:contracts	releaseRuntimeClasspath
:app	:core:data	debugCompileClasspath
:app	:core:data	debugRuntimeClasspath
:app	:core:data	implementation
:app	:core:data	releaseCompileClasspath
:app	:core:data	releaseRuntimeClasspath
:app	:core:database	debugCompileClasspath
:app	:core:database	debugRuntimeClasspath
:app	:core:database	implementation
:app	:core:database	releaseCompileClasspath
:app	:core:database	releaseRuntimeClasspath
:app	:core:datastore	debugCompileClasspath
:app	:core:datastore	debugRuntimeClasspath
:app	:core:datastore	implementation
:app	:core:datastore	releaseCompileClasspath
:app	:core:datastore	releaseRuntimeClasspath
:app	:core:designsystem	debugCompileClasspath
:app	:core:designsystem	debugRuntimeClasspath
:app	:core:designsystem	implementation
:app	:core:designsystem	releaseCompileClasspath
:app	:core:designsystem	releaseRuntimeClasspath
:app	:core:l10n	debugCompileClasspath
:app	:core:l10n	debugRuntimeClasspath
:app	:core:l10n	implementation
:app	:core:l10n	releaseCompileClasspath
:app	:core:l10n	releaseRuntimeClasspath
:app	:core:maps	debugCompileClasspath
:app	:core:maps	debugRuntimeClasspath
:app	:core:maps	implementation
:app	:core:maps	releaseCompileClasspath
:app	:core:maps	releaseRuntimeClasspath
:app	:core:model	debugCompileClasspath
:app	:core:model	debugRuntimeClasspath
:app	:core:model	implementation
:app	:core:model	releaseCompileClasspath
:app	:core:model	releaseRuntimeClasspath
:app	:core:protocol	debugCompileClasspath
:app	:core:protocol	debugRuntimeClasspath
:app	:core:protocol	implementation
:app	:core:protocol	releaseCompileClasspath
:app	:core:protocol	releaseRuntimeClasspath
:app	:core:runtime	debugCompileClasspath
:app	:core:runtime	debugRuntimeClasspath
:app	:core:runtime	implementation
:app	:core:runtime	releaseCompileClasspath
:app	:core:runtime	releaseRuntimeClasspath
:app	:core:services	debugCompileClasspath
:app	:core:services	debugRuntimeClasspath
:app	:core:services	implementation
:app	:core:services	releaseCompileClasspath
:app	:core:services	releaseRuntimeClasspath
:app	:core:ui	debugCompileClasspath
:app	:core:ui	debugRuntimeClasspath
:app	:core:ui	implementation
:app	:core:ui	releaseCompileClasspath
:app	:core:ui	releaseRuntimeClasspath
:app	:feature:chats	debugCompileClasspath
:app	:feature:chats	debugRuntimeClasspath
:app	:feature:chats	implementation
:app	:feature:chats	releaseCompileClasspath
:app	:feature:chats	releaseRuntimeClasspath
:app	:feature:map	debugCompileClasspath
:app	:feature:map	debugRuntimeClasspath
:app	:feature:map	implementation
:app	:feature:map	releaseCompileClasspath
:app	:feature:map	releaseRuntimeClasspath
:app	:feature:nodes	debugCompileClasspath
:app	:feature:nodes	debugRuntimeClasspath
:app	:feature:nodes	implementation
:app	:feature:nodes	releaseCompileClasspath
:app	:feature:nodes	releaseRuntimeClasspath
:app	:feature:onboarding	debugCompileClasspath
:app	:feature:onboarding	debugRuntimeClasspath
:app	:feature:onboarding	implementation
:app	:feature:onboarding	releaseCompileClasspath
:app	:feature:onboarding	releaseRuntimeClasspath
:app	:feature:remotenodes	debugCompileClasspath
:app	:feature:remotenodes	debugRuntimeClasspath
:app	:feature:remotenodes	implementation
:app	:feature:remotenodes	releaseCompileClasspath
:app	:feature:remotenodes	releaseRuntimeClasspath
:app	:feature:settings	debugCompileClasspath
:app	:feature:settings	debugRuntimeClasspath
:app	:feature:settings	implementation
:app	:feature:settings	releaseCompileClasspath
:app	:feature:settings	releaseRuntimeClasspath
:app	:feature:tools	debugCompileClasspath
:app	:feature:tools	debugRuntimeClasspath
:app	:feature:tools	implementation
:app	:feature:tools	releaseCompileClasspath
:app	:feature:tools	releaseRuntimeClasspath
:app	:platform:notifications	debugCompileClasspath
:app	:platform:notifications	debugRuntimeClasspath
:app	:platform:notifications	implementation
:app	:platform:notifications	releaseCompileClasspath
:app	:platform:notifications	releaseRuntimeClasspath
:app	:platform:shortcuts	debugCompileClasspath
:app	:platform:shortcuts	debugRuntimeClasspath
:app	:platform:shortcuts	implementation
:app	:platform:shortcuts	releaseCompileClasspath
:app	:platform:shortcuts	releaseRuntimeClasspath
:app	:platform:translation	debugCompileClasspath
:app	:platform:translation	debugRuntimeClasspath
:app	:platform:translation	implementation
:app	:platform:translation	releaseCompileClasspath
:app	:platform:translation	releaseRuntimeClasspath
:app	:platform:widgets	debugCompileClasspath
:app	:platform:widgets	debugRuntimeClasspath
:app	:platform:widgets	implementation
:app	:platform:widgets	releaseCompileClasspath
:app	:platform:widgets	releaseRuntimeClasspath
:core:ble	:core:contracts	debugCompileClasspath
:core:ble	:core:contracts	debugRuntimeClasspath
:core:ble	:core:contracts	implementation
:core:ble	:core:contracts	releaseCompileClasspath
:core:ble	:core:contracts	releaseRuntimeClasspath
:core:ble	:core:model	debugCompileClasspath
:core:ble	:core:model	debugRuntimeClasspath
:core:ble	:core:model	implementation
:core:ble	:core:model	releaseCompileClasspath
:core:ble	:core:model	releaseRuntimeClasspath
:core:ble	:core:protocol	debugCompileClasspath
:core:ble	:core:protocol	debugRuntimeClasspath
:core:ble	:core:protocol	implementation
:core:ble	:core:protocol	releaseCompileClasspath
:core:ble	:core:protocol	releaseRuntimeClasspath
:core:connectivity	:core:ble	debugCompileClasspath
:core:connectivity	:core:ble	debugRuntimeClasspath
:core:connectivity	:core:ble	implementation
:core:connectivity	:core:ble	releaseCompileClasspath
:core:connectivity	:core:ble	releaseRuntimeClasspath
:core:connectivity	:core:contracts	debugCompileClasspath
:core:connectivity	:core:contracts	debugRuntimeClasspath
:core:connectivity	:core:contracts	implementation
:core:connectivity	:core:contracts	releaseCompileClasspath
:core:connectivity	:core:contracts	releaseRuntimeClasspath
:core:connectivity	:core:model	debugCompileClasspath
:core:connectivity	:core:model	debugRuntimeClasspath
:core:connectivity	:core:model	implementation
:core:connectivity	:core:model	releaseCompileClasspath
:core:connectivity	:core:model	releaseRuntimeClasspath
:core:connectivity	:core:protocol	debugCompileClasspath
:core:connectivity	:core:protocol	debugRuntimeClasspath
:core:connectivity	:core:protocol	implementation
:core:connectivity	:core:protocol	releaseCompileClasspath
:core:connectivity	:core:protocol	releaseRuntimeClasspath
:core:contracts	:core:model	api
:core:contracts	:core:model	compileClasspath
:core:contracts	:core:model	implementation
:core:contracts	:core:model	runtimeClasspath
:core:contracts	:core:protocol	api
:core:contracts	:core:protocol	compileClasspath
:core:contracts	:core:protocol	implementation
:core:contracts	:core:protocol	runtimeClasspath
:core:data	:core:contracts	debugCompileClasspath
:core:data	:core:contracts	debugRuntimeClasspath
:core:data	:core:contracts	implementation
:core:data	:core:contracts	releaseCompileClasspath
:core:data	:core:contracts	releaseRuntimeClasspath
:core:data	:core:database	debugCompileClasspath
:core:data	:core:database	debugRuntimeClasspath
:core:data	:core:database	implementation
:core:data	:core:database	releaseCompileClasspath
:core:data	:core:database	releaseRuntimeClasspath
:core:data	:core:datastore	debugCompileClasspath
:core:data	:core:datastore	debugRuntimeClasspath
:core:data	:core:datastore	implementation
:core:data	:core:datastore	releaseCompileClasspath
:core:data	:core:datastore	releaseRuntimeClasspath
:core:data	:core:model	debugCompileClasspath
:core:data	:core:model	debugRuntimeClasspath
:core:data	:core:model	implementation
:core:data	:core:model	releaseCompileClasspath
:core:data	:core:model	releaseRuntimeClasspath
:core:data	:core:protocol	debugCompileClasspath
:core:data	:core:protocol	debugRuntimeClasspath
:core:data	:core:protocol	implementation
:core:data	:core:protocol	releaseCompileClasspath
:core:data	:core:protocol	releaseRuntimeClasspath
:core:database	:core:model	debugCompileClasspath
:core:database	:core:model	debugRuntimeClasspath
:core:database	:core:model	implementation
:core:database	:core:model	releaseCompileClasspath
:core:database	:core:model	releaseRuntimeClasspath
:core:datastore	:core:contracts	debugCompileClasspath
:core:datastore	:core:contracts	debugRuntimeClasspath
:core:datastore	:core:contracts	implementation
:core:datastore	:core:contracts	releaseCompileClasspath
:core:datastore	:core:contracts	releaseRuntimeClasspath
:core:datastore	:core:model	debugCompileClasspath
:core:datastore	:core:model	debugRuntimeClasspath
:core:datastore	:core:model	implementation
:core:datastore	:core:model	releaseCompileClasspath
:core:datastore	:core:model	releaseRuntimeClasspath
:core:designsystem	:core:l10n	debugCompileClasspath
:core:designsystem	:core:l10n	debugRuntimeClasspath
:core:designsystem	:core:l10n	implementation
:core:designsystem	:core:l10n	releaseCompileClasspath
:core:designsystem	:core:l10n	releaseRuntimeClasspath
:core:designsystem	:core:model	debugCompileClasspath
:core:designsystem	:core:model	debugRuntimeClasspath
:core:designsystem	:core:model	implementation
:core:designsystem	:core:model	releaseCompileClasspath
:core:designsystem	:core:model	releaseRuntimeClasspath
:core:maps	:core:contracts	debugCompileClasspath
:core:maps	:core:contracts	debugRuntimeClasspath
:core:maps	:core:contracts	implementation
:core:maps	:core:contracts	releaseCompileClasspath
:core:maps	:core:contracts	releaseRuntimeClasspath
:core:maps	:core:designsystem	debugCompileClasspath
:core:maps	:core:designsystem	debugRuntimeClasspath
:core:maps	:core:designsystem	implementation
:core:maps	:core:designsystem	releaseCompileClasspath
:core:maps	:core:designsystem	releaseRuntimeClasspath
:core:maps	:core:l10n	debugCompileClasspath
:core:maps	:core:l10n	debugRuntimeClasspath
:core:maps	:core:l10n	implementation
:core:maps	:core:l10n	releaseCompileClasspath
:core:maps	:core:l10n	releaseRuntimeClasspath
:core:maps	:core:model	debugCompileClasspath
:core:maps	:core:model	debugRuntimeClasspath
:core:maps	:core:model	implementation
:core:maps	:core:model	releaseCompileClasspath
:core:maps	:core:model	releaseRuntimeClasspath
:core:maps	:core:ui	debugCompileClasspath
:core:maps	:core:ui	debugRuntimeClasspath
:core:maps	:core:ui	implementation
:core:maps	:core:ui	releaseCompileClasspath
:core:maps	:core:ui	releaseRuntimeClasspath
:core:model	:core:protocol	api
:core:model	:core:protocol	compileClasspath
:core:model	:core:protocol	implementation
:core:model	:core:protocol	runtimeClasspath
:core:runtime	:core:contracts	compileClasspath
:core:runtime	:core:contracts	implementation
:core:runtime	:core:contracts	runtimeClasspath
:core:runtime	:core:model	compileClasspath
:core:runtime	:core:model	implementation
:core:runtime	:core:model	runtimeClasspath
:core:runtime	:core:protocol	compileClasspath
:core:runtime	:core:protocol	implementation
:core:runtime	:core:protocol	runtimeClasspath
:core:services	:core:contracts	compileClasspath
:core:services	:core:contracts	implementation
:core:services	:core:contracts	runtimeClasspath
:core:services	:core:model	compileClasspath
:core:services	:core:model	implementation
:core:services	:core:model	runtimeClasspath
:core:services	:core:protocol	compileClasspath
:core:services	:core:protocol	implementation
:core:services	:core:protocol	runtimeClasspath
:core:testing	:core:contracts	debugCompileClasspath
:core:testing	:core:contracts	debugRuntimeClasspath
:core:testing	:core:contracts	implementation
:core:testing	:core:contracts	releaseCompileClasspath
:core:testing	:core:contracts	releaseRuntimeClasspath
:core:testing	:core:model	debugCompileClasspath
:core:testing	:core:model	debugRuntimeClasspath
:core:testing	:core:model	implementation
:core:testing	:core:model	releaseCompileClasspath
:core:testing	:core:model	releaseRuntimeClasspath
:core:testing	:core:protocol	api
:core:testing	:core:protocol	debugCompileClasspath
:core:testing	:core:protocol	debugRuntimeClasspath
:core:testing	:core:protocol	implementation
:core:testing	:core:protocol	releaseCompileClasspath
:core:testing	:core:protocol	releaseRuntimeClasspath
:core:ui	:core:contracts	debugCompileClasspath
:core:ui	:core:contracts	debugRuntimeClasspath
:core:ui	:core:contracts	implementation
:core:ui	:core:contracts	releaseCompileClasspath
:core:ui	:core:contracts	releaseRuntimeClasspath
:core:ui	:core:designsystem	debugCompileClasspath
:core:ui	:core:designsystem	debugRuntimeClasspath
:core:ui	:core:designsystem	implementation
:core:ui	:core:designsystem	releaseCompileClasspath
:core:ui	:core:designsystem	releaseRuntimeClasspath
:core:ui	:core:l10n	debugCompileClasspath
:core:ui	:core:l10n	debugRuntimeClasspath
:core:ui	:core:l10n	implementation
:core:ui	:core:l10n	releaseCompileClasspath
:core:ui	:core:l10n	releaseRuntimeClasspath
:feature:chats	:core:contracts	debugCompileClasspath
:feature:chats	:core:contracts	debugRuntimeClasspath
:feature:chats	:core:contracts	implementation
:feature:chats	:core:contracts	releaseCompileClasspath
:feature:chats	:core:contracts	releaseRuntimeClasspath
:feature:chats	:core:l10n	debugCompileClasspath
:feature:chats	:core:l10n	debugRuntimeClasspath
:feature:chats	:core:l10n	implementation
:feature:chats	:core:l10n	releaseCompileClasspath
:feature:chats	:core:l10n	releaseRuntimeClasspath
:feature:chats	:core:ui	debugCompileClasspath
:feature:chats	:core:ui	debugRuntimeClasspath
:feature:chats	:core:ui	implementation
:feature:chats	:core:ui	releaseCompileClasspath
:feature:chats	:core:ui	releaseRuntimeClasspath
:feature:map	:core:contracts	debugCompileClasspath
:feature:map	:core:contracts	debugRuntimeClasspath
:feature:map	:core:contracts	implementation
:feature:map	:core:contracts	releaseCompileClasspath
:feature:map	:core:contracts	releaseRuntimeClasspath
:feature:map	:core:l10n	debugCompileClasspath
:feature:map	:core:l10n	debugRuntimeClasspath
:feature:map	:core:l10n	implementation
:feature:map	:core:l10n	releaseCompileClasspath
:feature:map	:core:l10n	releaseRuntimeClasspath
:feature:map	:core:ui	debugCompileClasspath
:feature:map	:core:ui	debugRuntimeClasspath
:feature:map	:core:ui	implementation
:feature:map	:core:ui	releaseCompileClasspath
:feature:map	:core:ui	releaseRuntimeClasspath
:feature:nodes	:core:contracts	debugCompileClasspath
:feature:nodes	:core:contracts	debugRuntimeClasspath
:feature:nodes	:core:contracts	implementation
:feature:nodes	:core:contracts	releaseCompileClasspath
:feature:nodes	:core:contracts	releaseRuntimeClasspath
:feature:nodes	:core:l10n	debugCompileClasspath
:feature:nodes	:core:l10n	debugRuntimeClasspath
:feature:nodes	:core:l10n	implementation
:feature:nodes	:core:l10n	releaseCompileClasspath
:feature:nodes	:core:l10n	releaseRuntimeClasspath
:feature:nodes	:core:ui	debugCompileClasspath
:feature:nodes	:core:ui	debugRuntimeClasspath
:feature:nodes	:core:ui	implementation
:feature:nodes	:core:ui	releaseCompileClasspath
:feature:nodes	:core:ui	releaseRuntimeClasspath
:feature:onboarding	:core:contracts	debugCompileClasspath
:feature:onboarding	:core:contracts	debugRuntimeClasspath
:feature:onboarding	:core:contracts	implementation
:feature:onboarding	:core:contracts	releaseCompileClasspath
:feature:onboarding	:core:contracts	releaseRuntimeClasspath
:feature:onboarding	:core:l10n	debugCompileClasspath
:feature:onboarding	:core:l10n	debugRuntimeClasspath
:feature:onboarding	:core:l10n	implementation
:feature:onboarding	:core:l10n	releaseCompileClasspath
:feature:onboarding	:core:l10n	releaseRuntimeClasspath
:feature:onboarding	:core:ui	debugCompileClasspath
:feature:onboarding	:core:ui	debugRuntimeClasspath
:feature:onboarding	:core:ui	implementation
:feature:onboarding	:core:ui	releaseCompileClasspath
:feature:onboarding	:core:ui	releaseRuntimeClasspath
:feature:remotenodes	:core:contracts	debugCompileClasspath
:feature:remotenodes	:core:contracts	debugRuntimeClasspath
:feature:remotenodes	:core:contracts	implementation
:feature:remotenodes	:core:contracts	releaseCompileClasspath
:feature:remotenodes	:core:contracts	releaseRuntimeClasspath
:feature:remotenodes	:core:l10n	debugCompileClasspath
:feature:remotenodes	:core:l10n	debugRuntimeClasspath
:feature:remotenodes	:core:l10n	implementation
:feature:remotenodes	:core:l10n	releaseCompileClasspath
:feature:remotenodes	:core:l10n	releaseRuntimeClasspath
:feature:remotenodes	:core:ui	debugCompileClasspath
:feature:remotenodes	:core:ui	debugRuntimeClasspath
:feature:remotenodes	:core:ui	implementation
:feature:remotenodes	:core:ui	releaseCompileClasspath
:feature:remotenodes	:core:ui	releaseRuntimeClasspath
:feature:settings	:core:contracts	debugCompileClasspath
:feature:settings	:core:contracts	debugRuntimeClasspath
:feature:settings	:core:contracts	implementation
:feature:settings	:core:contracts	releaseCompileClasspath
:feature:settings	:core:contracts	releaseRuntimeClasspath
:feature:settings	:core:l10n	debugCompileClasspath
:feature:settings	:core:l10n	debugRuntimeClasspath
:feature:settings	:core:l10n	implementation
:feature:settings	:core:l10n	releaseCompileClasspath
:feature:settings	:core:l10n	releaseRuntimeClasspath
:feature:settings	:core:ui	debugCompileClasspath
:feature:settings	:core:ui	debugRuntimeClasspath
:feature:settings	:core:ui	implementation
:feature:settings	:core:ui	releaseCompileClasspath
:feature:settings	:core:ui	releaseRuntimeClasspath
:feature:tools	:core:contracts	debugCompileClasspath
:feature:tools	:core:contracts	debugRuntimeClasspath
:feature:tools	:core:contracts	implementation
:feature:tools	:core:contracts	releaseCompileClasspath
:feature:tools	:core:contracts	releaseRuntimeClasspath
:feature:tools	:core:l10n	debugCompileClasspath
:feature:tools	:core:l10n	debugRuntimeClasspath
:feature:tools	:core:l10n	implementation
:feature:tools	:core:l10n	releaseCompileClasspath
:feature:tools	:core:l10n	releaseRuntimeClasspath
:feature:tools	:core:ui	debugCompileClasspath
:feature:tools	:core:ui	debugRuntimeClasspath
:feature:tools	:core:ui	implementation
:feature:tools	:core:ui	releaseCompileClasspath
:feature:tools	:core:ui	releaseRuntimeClasspath
:platform:notifications	:core:contracts	debugCompileClasspath
:platform:notifications	:core:contracts	debugRuntimeClasspath
:platform:notifications	:core:contracts	implementation
:platform:notifications	:core:contracts	releaseCompileClasspath
:platform:notifications	:core:contracts	releaseRuntimeClasspath
:platform:notifications	:core:l10n	debugCompileClasspath
:platform:notifications	:core:l10n	debugRuntimeClasspath
:platform:notifications	:core:l10n	implementation
:platform:notifications	:core:l10n	releaseCompileClasspath
:platform:notifications	:core:l10n	releaseRuntimeClasspath
:platform:notifications	:core:model	debugCompileClasspath
:platform:notifications	:core:model	debugRuntimeClasspath
:platform:notifications	:core:model	implementation
:platform:notifications	:core:model	releaseCompileClasspath
:platform:notifications	:core:model	releaseRuntimeClasspath
:platform:shortcuts	:core:contracts	debugCompileClasspath
:platform:shortcuts	:core:contracts	debugRuntimeClasspath
:platform:shortcuts	:core:contracts	implementation
:platform:shortcuts	:core:contracts	releaseCompileClasspath
:platform:shortcuts	:core:contracts	releaseRuntimeClasspath
:platform:shortcuts	:core:l10n	debugCompileClasspath
:platform:shortcuts	:core:l10n	debugRuntimeClasspath
:platform:shortcuts	:core:l10n	implementation
:platform:shortcuts	:core:l10n	releaseCompileClasspath
:platform:shortcuts	:core:l10n	releaseRuntimeClasspath
:platform:shortcuts	:core:model	debugCompileClasspath
:platform:shortcuts	:core:model	debugRuntimeClasspath
:platform:shortcuts	:core:model	implementation
:platform:shortcuts	:core:model	releaseCompileClasspath
:platform:shortcuts	:core:model	releaseRuntimeClasspath
:platform:translation	:core:contracts	debugCompileClasspath
:platform:translation	:core:contracts	debugRuntimeClasspath
:platform:translation	:core:contracts	implementation
:platform:translation	:core:contracts	releaseCompileClasspath
:platform:translation	:core:contracts	releaseRuntimeClasspath
:platform:translation	:core:model	debugCompileClasspath
:platform:translation	:core:model	debugRuntimeClasspath
:platform:translation	:core:model	implementation
:platform:translation	:core:model	releaseCompileClasspath
:platform:translation	:core:model	releaseRuntimeClasspath
:platform:widgets	:core:contracts	debugCompileClasspath
:platform:widgets	:core:contracts	debugRuntimeClasspath
:platform:widgets	:core:contracts	implementation
:platform:widgets	:core:contracts	releaseCompileClasspath
:platform:widgets	:core:contracts	releaseRuntimeClasspath
:platform:widgets	:core:designsystem	debugCompileClasspath
:platform:widgets	:core:designsystem	debugRuntimeClasspath
:platform:widgets	:core:designsystem	implementation
:platform:widgets	:core:designsystem	releaseCompileClasspath
:platform:widgets	:core:designsystem	releaseRuntimeClasspath
:platform:widgets	:core:l10n	debugCompileClasspath
:platform:widgets	:core:l10n	debugRuntimeClasspath
:platform:widgets	:core:l10n	implementation
:platform:widgets	:core:l10n	releaseCompileClasspath
:platform:widgets	:core:l10n	releaseRuntimeClasspath
:platform:widgets	:core:model	debugCompileClasspath
:platform:widgets	:core:model	debugRuntimeClasspath
:platform:widgets	:core:model	implementation
:platform:widgets	:core:model	releaseCompileClasspath
:platform:widgets	:core:model	releaseRuntimeClasspath
:tools:meshcli	:core:contracts	compileClasspath
:tools:meshcli	:core:contracts	implementation
:tools:meshcli	:core:contracts	runtimeClasspath
:tools:meshcli	:core:model	compileClasspath
:tools:meshcli	:core:model	implementation
:tools:meshcli	:core:model	runtimeClasspath
:tools:meshcli	:core:protocol	compileClasspath
:tools:meshcli	:core:protocol	implementation
:tools:meshcli	:core:protocol	runtimeClasspath
