artifact	declared_license	license_url	license_pom	license_pom_sha256	legal_gate
androidx.activity:activity-compose:1.13.0	The Apache Software License, Version 2.0	http://www.apache.org/licenses/LICENSE-2.0.txt	androidx.activity:activity-compose:1.13.0	cb6a8ff89ffb7f107f214050e9fb32b0d0b0f665d8de7c9e4e2a4d5fea9951e9	human-review-pending
androidx.activity:activity-ktx:1.13.0	The Apache Software License, Version 2.0	http://www.apache.org/licenses/LICENSE-2.0.txt	androidx.activity:activity-ktx:1.13.0	79d63d7b13c43f92faf63ade9fc6a4ab45e8e42493dbaa138c7a736184a4c775	human-review-pending
androidx.activity:activity:1.13.0	The Apache Software License, Version 2.0	http://www.apache.org/licenses/LICENSE-2.0.txt	androidx.activity:activity:1.13.0	a5c53e074754835d30621618616e783b5b71875c2e7988ab06082348152e314e	human-review-pending
androidx.annotation:annotation-experimental:1.5.0	The Apache Software License, Version 2.0	http://www.apache.org/licenses/LICENSE-2.0.txt	androidx.annotation:annotation-experimental:1.5.0	7a94595399931c25a49f9af93daa4e977dc2d375458e4e74bb8d35ebcb51848d	human-review-pending
androidx.annotation:annotation-jvm:1.9.1	The Apache Software License, Version 2.0	http://www.apache.org/licenses/LICENSE-2.0.txt	androidx.annotation:annotation-jvm:1.9.1	89b99c218d60019316b50aab79816707bc21696c896a030e1b1ae038961bcb8e	human-review-pending
androidx.annotation:annotation:1.9.1	The Apache Software License, Version 2.0	http://www.apache.org/licenses/LICENSE-2.0.txt	androidx.annotation:annotation:1.9.1	c733881c2e17d5f7c8661cc02a9159cb160b7b2094a27d593916c87d3e250636	human-review-pending
androidx.arch.core:core-common:2.2.0	The Apache Software License, Version 2.0	http://www.apache.org/licenses/LICENSE-2.0.txt	androidx.arch.core:core-common:2.2.0	1e17d4af8d6425be2a69f8af4d654a87e0456259a9eef1542869bcb023547e28	human-review-pending
androidx.arch.core:core-runtime:2.2.0	The Apache Software License, Version 2.0	http://www.apache.org/licenses/LICENSE-2.0.txt	androidx.arch.core:core-runtime:2.2.0	0f953706598140d9d8735cdd5aeb1fa35933f4e2f31c0bf3eb81a053a4c8c1a5	human-review-pending
androidx.autofill:autofill:1.0.0	The Apache Software License, Version 2.0	http://www.apache.org/licenses/LICENSE-2.0.txt	androidx.autofill:autofill:1.0.0	3677abead5d4e06cf76cbacb954151e051779c2274494451fb424e375aa9e450	human-review-pending
androidx.collection:collection-jvm:1.5.0	The Apache Software License, Version 2.0	http://www.apache.org/licenses/LICENSE-2.0.txt	androidx.collection:collection-jvm:1.5.0	11c415864d3402f61d426e67210158dce1b04680412526a994f1823ecd3cb388	human-review-pending
androidx.collection:collection-ktx:1.5.0	The Apache Software License, Version 2.0	http://www.apache.org/licenses/LICENSE-2.0.txt	androidx.collection:collection-ktx:1.5.0	983f8d0630d072d5bfcd166a498ac7213f3a44a98c09051004ce96429d867cea	human-review-pending
androidx.collection:collection:1.5.0	The Apache Software License, Version 2.0	http://www.apache.org/licenses/LICENSE-2.0.txt	androidx.collection:collection:1.5.0	2d65c8d0b36d4b4faadc44aff9bade23d871d7159eedf2b3f02d802b34b77a57	human-review-pending
androidx.compose.animation:animation-android:1.10.6	The Apache Software License, Version 2.0	http://www.apache.org/licenses/LICENSE-2.0.txt	androidx.compose.animation:animation-android:1.10.6	653d249c42db47a70fd8386c70cdc76e3dcb03953f3670cf4a9c7c1b98f4b258	human-review-pending
androidx.compose.animation:animation-core-android:1.10.6	The Apache Software License, Version 2.0	http://www.apache.org/licenses/LICENSE-2.0.txt	androidx.compose.animation:animation-core-android:1.10.6	78ba33dbfe52db43c98e4623350f53ff4f5a96e9eeeda07e73a7ebf5e2aa7232	human-review-pending
androidx.compose.animation:animation-core:1.10.6	The Apache Software License, Version 2.0	http://www.apache.org/licenses/LICENSE-2.0.txt	androidx.compose.animation:animation-core:1.10.6	0195b570e48eb47b3fa5239cb2d55efa4b309ec809ca541868f6fd63b1d3f53e	human-review-pending
androidx.compose.animation:animation:1.10.6	The Apache Software License, Version 2.0	http://www.apache.org/licenses/LICENSE-2.0.txt	androidx.compose.animation:animation:1.10.6	224bc594620754490655776794cf71e2f625d0ff5117a5194b0e7ff2578fc17d	human-review-pending
androidx.compose.foundation:foundation-android:1.10.6	The Apache Software License, Version 2.0	http://www.apache.org/licenses/LICENSE-2.0.txt	androidx.compose.foundation:foundation-android:1.10.6	96ef3e5ed775dffae422bfa8c71319598342a4e02bcdde9a4aa00736ff0e4fd4	human-review-pending
androidx.compose.foundation:foundation-layout-android:1.10.6	The Apache Software License, Version 2.0	http://www.apache.org/licenses/LICENSE-2.0.txt	androidx.compose.foundation:foundation-layout-android:1.10.6	d9fc40a6bd8587b1cc2ba1c57b464bf14bbae61a2526bd44c4a54823992464ca	human-review-pending
androidx.compose.foundation:foundation-layout:1.10.6	The Apache Software License, Version 2.0	http://www.apache.org/licenses/LICENSE-2.0.txt	androidx.compose.foundation:foundation-layout:1.10.6	f0b520c4e94fdd53fcbe5dce1360181e527a5b3bc9eabacce2adfd15b24a7192	human-review-pending
androidx.compose.foundation:foundation:1.10.6	The Apache Software License, Version 2.0	http://www.apache.org/licenses/LICENSE-2.0.txt	androidx.compose.foundation:foundation:1.10.6	694ab510048fce813415799c2f4b3c3720806c93b3d24d9a449a9decb773d6fa	human-review-pending
androidx.compose.material3:material3-android:1.4.0	The Apache Software License, Version 2.0	http://www.apache.org/licenses/LICENSE-2.0.txt	androidx.compose.material3:material3-android:1.4.0	cc0362653240708a010de50fee8caf884a610fbb10b6013e86694d77c43febc7	human-review-pending
androidx.compose.material3:material3:1.4.0	The Apache Software License, Version 2.0	http://www.apache.org/licenses/LICENSE-2.0.txt	androidx.compose.material3:material3:1.4.0	672b431f59c8e0a8522690b2f46f1b7966710638893c60c31c5f19f8472d62cc	human-review-pending
androidx.compose.material:material-ripple-android:1.10.6	The Apache Software License, Version 2.0	http://www.apache.org/licenses/LICENSE-2.0.txt	androidx.compose.material:material-ripple-android:1.10.6	cfeac893797d54a061ec99b214c7aae624a8875e51176e7edd8fbfd9f87c94bf	human-review-pending
androidx.compose.material:material-ripple:1.10.6	The Apache Software License, Version 2.0	http://www.apache.org/licenses/LICENSE-2.0.txt	androidx.compose.material:material-ripple:1.10.6	b1257bedb093cbea96cc304862c000293d8d3c89e8363108fc7d228c443fa005	human-review-pending
androidx.compose.runtime:runtime-android:1.10.6	The Apache Software License, Version 2.0	http://www.apache.org/licenses/LICENSE-2.0.txt	androidx.compose.runtime:runtime-android:1.10.6	0c59c80eeeb78727c78e6fc04ba2ef7916c20dbb11935db12030c97d8f9e9cb4	human-review-pending
androidx.compose.runtime:runtime-annotation-android:1.10.6	The Apache Software License, Version 2.0	http://www.apache.org/licenses/LICENSE-2.0.txt	androidx.compose.runtime:runtime-annotation-android:1.10.6	00d0ffef9f1381b51e8cc4c8337005e39803d61b69c39092c1c17b0a9beb884f	human-review-pending
androidx.compose.runtime:runtime-annotation:1.10.6	The Apache Software License, Version 2.0	http://www.apache.org/licenses/LICENSE-2.0.txt	androidx.compose.runtime:runtime-annotation:1.10.6	db53b88fa3c96ef89accc29878af1f2a0ad6db4c72c71eb07fafc5c945808155	human-review-pending
androidx.compose.runtime:runtime-retain-android:1.10.6	The Apache Software License, Version 2.0	http://www.apache.org/licenses/LICENSE-2.0.txt	androidx.compose.runtime:runtime-retain-android:1.10.6	e664d5c4b264b398706dae09c370aed251b45ec58cd6563805cb7cc5087c1c71	human-review-pending
androidx.compose.runtime:runtime-retain:1.10.6	The Apache Software License, Version 2.0	http://www.apache.org/licenses/LICENSE-2.0.txt	androidx.compose.runtime:runtime-retain:1.10.6	d3a9ce053e8fdb393c62a37a284a271be500052a60e1b833c3c017967ae777d8	human-review-pending
androidx.compose.runtime:runtime-saveable-android:1.10.6	The Apache Software License, Version 2.0	http://www.apache.org/licenses/LICENSE-2.0.txt	androidx.compose.runtime:runtime-saveable-android:1.10.6	369d43b4c7ec8c2604e1bc0cec972d7c46cc978ca4c477ccde69b3c1e6b30c77	human-review-pending
androidx.compose.runtime:runtime-saveable:1.10.6	The Apache Software License, Version 2.0	http://www.apache.org/licenses/LICENSE-2.0.txt	androidx.compose.runtime:runtime-saveable:1.10.6	b2a09472a04cd36198d23e30cb336afa064bc816a51846f7217003a0c9e2a052	human-review-pending
androidx.compose.runtime:runtime:1.10.6	The Apache Software License, Version 2.0	http://www.apache.org/licenses/LICENSE-2.0.txt	androidx.compose.runtime:runtime:1.10.6	369629d91212f8932f5357f2588ca57b4e09c170f63e29dafb33d3e278e077e5	human-review-pending
androidx.compose.ui:ui-android:1.10.6	The Apache Software License, Version 2.0	http://www.apache.org/licenses/LICENSE-2.0.txt	androidx.compose.ui:ui-android:1.10.6	d63718b2d5014f0a30307a2f4cf1c0015dc9dd61c016565e2d801f14befc2ce8	human-review-pending
androidx.compose.ui:ui-geometry-android:1.10.6	The Apache Software License, Version 2.0	http://www.apache.org/licenses/LICENSE-2.0.txt	androidx.compose.ui:ui-geometry-android:1.10.6	27f21f4c16438b974de4f94ea4c895e562824c8bf80b504fcc433dabf9828cfa	human-review-pending
androidx.compose.ui:ui-geometry:1.10.6	The Apache Software License, Version 2.0	http://www.apache.org/licenses/LICENSE-2.0.txt	androidx.compose.ui:ui-geometry:1.10.6	a7cc4540fbb13750b9e707d1ef740d2fa1706cbfd9c3dafea32aaba84cf3b041	human-review-pending
androidx.compose.ui:ui-graphics-android:1.10.6	The Apache Software License, Version 2.0	http://www.apache.org/licenses/LICENSE-2.0.txt	androidx.compose.ui:ui-graphics-android:1.10.6	116105ab778855a7734416f25f2875fda91216c9a15b132f1483d7e164ed7a43	human-review-pending
androidx.compose.ui:ui-graphics:1.10.6	The Apache Software License, Version 2.0	http://www.apache.org/licenses/LICENSE-2.0.txt	androidx.compose.ui:ui-graphics:1.10.6	e96822c0d9a11209e8e762a8921f133f25b7924cbbe8244bcaa2f0d4845c7c20	human-review-pending
androidx.compose.ui:ui-text-android:1.10.6	The Apache Software License, Version 2.0	http://www.apache.org/licenses/LICENSE-2.0.txt	androidx.compose.ui:ui-text-android:1.10.6	4f8473e95de2448ec468f33aa1367a69424540b283fbd09122be43877a35f4f4	human-review-pending
androidx.compose.ui:ui-text:1.10.6	The Apache Software License, Version 2.0	http://www.apache.org/licenses/LICENSE-2.0.txt	androidx.compose.ui:ui-text:1.10.6	374db72f955761b24f019527d19bcb499e2df465454f4ff0bd0764b320e61331	human-review-pending
androidx.compose.ui:ui-unit-android:1.10.6	The Apache Software License, Version 2.0	http://www.apache.org/licenses/LICENSE-2.0.txt	androidx.compose.ui:ui-unit-android:1.10.6	b2ba265de52d728686387fc8efab8ac64d4999f255267b2d7c404220bf8dd979	human-review-pending
androidx.compose.ui:ui-unit:1.10.6	The Apache Software License, Version 2.0	http://www.apache.org/licenses/LICENSE-2.0.txt	androidx.compose.ui:ui-unit:1.10.6	af5dbc8140538f038b932194bf9a7750a6659db3f7d35a640ef65034d05390b3	human-review-pending
androidx.compose.ui:ui-util-android:1.10.6	The Apache Software License, Version 2.0	http://www.apache.org/licenses/LICENSE-2.0.txt	androidx.compose.ui:ui-util-android:1.10.6	5cc2e3ddd19d2100f2704b5a6f17054cdb46db7d8752e04e4125ed38fe0c67ed	human-review-pending
androidx.compose.ui:ui-util:1.10.6	The Apache Software License, Version 2.0	http://www.apache.org/licenses/LICENSE-2.0.txt	androidx.compose.ui:ui-util:1.10.6	c6344829c2bd1673d21d28a20c8522330c8f5a8b8542d0c1ee355d189c110325	human-review-pending
androidx.compose.ui:ui:1.10.6	The Apache Software License, Version 2.0	http://www.apache.org/licenses/LICENSE-2.0.txt	androidx.compose.ui:ui:1.10.6	54b6c198f1f8f75e6a90ec088ecd30dd91392ac28077168777e13baca11c7283	human-review-pending
androidx.compose:compose-bom:2026.03.01	The Apache Software License, Version 2.0	http://www.apache.org/licenses/LICENSE-2.0.txt	androidx.compose:compose-bom:2026.03.01	e4261464f9a4e024994f9ab527a0a99251b4d24868f2d3518f1e2f4cf631d3dd	human-review-pending
androidx.concurrent:concurrent-futures:1.1.0	The Apache Software License, Version 2.0	http://www.apache.org/licenses/LICENSE-2.0.txt	androidx.concurrent:concurrent-futures:1.1.0	748a34eb5d13d19d187adecaea82667fded5f1b0b98a655e13ed2e4a8b3d8ae6	human-review-pending
androidx.core:core-ktx:1.18.0	The Apache Software License, Version 2.0	http://www.apache.org/licenses/LICENSE-2.0.txt	androidx.core:core-ktx:1.18.0	3a5e0009e06517627756b9203d9a8f055fda87b215a17b775bae568697854196	human-review-pending
androidx.core:core-viewtree:1.0.0	The Apache Software License, Version 2.0	http://www.apache.org/licenses/LICENSE-2.0.txt	androidx.core:core-viewtree:1.0.0	d4f2ed1176fa8c5612b80f74c952a8799142a9ed36022a1a238fde5b140580d9	human-review-pending
androidx.core:core:1.18.0	The Apache Software License, Version 2.0	http://www.apache.org/licenses/LICENSE-2.0.txt	androidx.core:core:1.18.0	57d644ebb37d309ad959d740157d8e8424e273b9c672842e4f4c758edc6d30e7	human-review-pending
androidx.customview:customview-poolingcontainer:1.0.0	The Apache Software License, Version 2.0	http://www.apache.org/licenses/LICENSE-2.0.txt	androidx.customview:customview-poolingcontainer:1.0.0	9fa62196c4c4e79b6a58dbb38a8c022bef8db21989d7dae2da0f6f5b66289a9c	human-review-pending
androidx.documentfile:documentfile:1.0.0	The Apache Software License, Version 2.0	http://www.apache.org/licenses/LICENSE-2.0.txt	androidx.documentfile:documentfile:1.0.0	013288a9317a552706ce625fb24493e8223288529223ec578cf855a5ae9c16e5	human-review-pending
androidx.dynamicanimation:dynamicanimation:1.0.0	The Apache Software License, Version 2.0	http://www.apache.org/licenses/LICENSE-2.0.txt	androidx.dynamicanimation:dynamicanimation:1.0.0	44ce22ee620d28f17301bcc60ad49b69b7d0596c2a87b054ad1e3feac7b4a898	human-review-pending
androidx.emoji2:emoji2:1.4.0	The Apache Software License, Version 2.0	http://www.apache.org/licenses/LICENSE-2.0.txt	androidx.emoji2:emoji2:1.4.0	1f67221484f7d1260eb6e2b490cd4e7046bf5cb536276d79f972ad3f198b474d	human-review-pending
androidx.graphics:graphics-path:1.0.1	The Apache Software License, Version 2.0	http://www.apache.org/licenses/LICENSE-2.0.txt	androidx.graphics:graphics-path:1.0.1	866fb357c7146f5f7678ad44e4bc6c2823d568defce1ed2805bb6c899606b228	human-review-pending
androidx.interpolator:interpolator:1.0.0	The Apache Software License, Version 2.0	http://www.apache.org/licenses/LICENSE-2.0.txt	androidx.interpolator:interpolator:1.0.0	0ddc07cc39699f48ecd9ec894b5830c0f09e22e82959294edf37217224c88b7b	human-review-pending
androidx.legacy:legacy-support-core-utils:1.0.0	The Apache Software License, Version 2.0	http://www.apache.org/licenses/LICENSE-2.0.txt	androidx.legacy:legacy-support-core-utils:1.0.0	8fd093008b3ee7c06e52c78da2af980a7b47b69b967fa91dad7af466f7a00a38	human-review-pending
androidx.lifecycle:lifecycle-common-java8:2.9.4	The Apache Software License, Version 2.0	http://www.apache.org/licenses/LICENSE-2.0.txt	androidx.lifecycle:lifecycle-common-java8:2.9.4	f7a0077f2b20312c30ea74c9fe77626fbe2ad09bb48922851cde20bcd1a33266	human-review-pending
androidx.lifecycle:lifecycle-common-jvm:2.9.4	The Apache Software License, Version 2.0	http://www.apache.org/licenses/LICENSE-2.0.txt	androidx.lifecycle:lifecycle-common-jvm:2.9.4	31735e9953aaeeab4e07fcffa4c6ab3519f90b331c4b1da8173df911607d3906	human-review-pending
androidx.lifecycle:lifecycle-common:2.9.4	The Apache Software License, Version 2.0	http://www.apache.org/licenses/LICENSE-2.0.txt	androidx.lifecycle:lifecycle-common:2.9.4	0e3a0c8798d26f49238550a3dc4d6bd465d49b82bcb759ca3c463a31600e721c	human-review-pending
androidx.lifecycle:lifecycle-livedata-core-ktx:2.9.4	The Apache Software License, Version 2.0	http://www.apache.org/licenses/LICENSE-2.0.txt	androidx.lifecycle:lifecycle-livedata-core-ktx:2.9.4	ca2073ac46d364107fdf4d832c5b729e610cdc7d12e736d9151b5a5119be80b9	human-review-pending
androidx.lifecycle:lifecycle-livedata-core:2.9.4	The Apache Software License, Version 2.0	http://www.apache.org/licenses/LICENSE-2.0.txt	androidx.lifecycle:lifecycle-livedata-core:2.9.4	cec1161148e3f6c4b7d513aa989729e84a8ee9471f0c47c03478b3fb3c49ea21	human-review-pending
androidx.lifecycle:lifecycle-livedata:2.9.4	The Apache Software License, Version 2.0	http://www.apache.org/licenses/LICENSE-2.0.txt	androidx.lifecycle:lifecycle-livedata:2.9.4	24f8b944549912ab683aa70e61d32b5e1aa83c2f1f9d42f09e8eda3237760ab1	human-review-pending
androidx.lifecycle:lifecycle-process:2.9.4	The Apache Software License, Version 2.0	http://www.apache.org/licenses/LICENSE-2.0.txt	androidx.lifecycle:lifecycle-process:2.9.4	5eac5a0a27138477f40f0aa0e749cd07fbf5580d4a9adc6d2d59db64cac49b10	human-review-pending
androidx.lifecycle:lifecycle-runtime-android:2.9.4	The Apache Software License, Version 2.0	http://www.apache.org/licenses/LICENSE-2.0.txt	androidx.lifecycle:lifecycle-runtime-android:2.9.4	271e54009fdf3a2cd5ab414e8a09e6af4251b63d484a42c530ab868974a5ea1f	human-review-pending
androidx.lifecycle:lifecycle-runtime-compose-android:2.9.4	The Apache Software License, Version 2.0	http://www.apache.org/licenses/LICENSE-2.0.txt	androidx.lifecycle:lifecycle-runtime-compose-android:2.9.4	a7a073c7db10974627ba883f648a34fe8053f50c294d9192e183c901daea8c65	human-review-pending
androidx.lifecycle:lifecycle-runtime-compose:2.9.4	The Apache Software License, Version 2.0	http://www.apache.org/licenses/LICENSE-2.0.txt	androidx.lifecycle:lifecycle-runtime-compose:2.9.4	0ef3fb28f89b80b90c78ad6ba345164d5590889ee3459b027f26695936291575	human-review-pending
androidx.lifecycle:lifecycle-runtime-ktx-android:2.9.4	The Apache Software License, Version 2.0	http://www.apache.org/licenses/LICENSE-2.0.txt	androidx.lifecycle:lifecycle-runtime-ktx-android:2.9.4	78aace79fbced8eb8c17e0b02b2d55be9906fbdda053e6a617ee6e595fcace14	human-review-pending
androidx.lifecycle:lifecycle-runtime-ktx:2.9.4	The Apache Software License, Version 2.0	http://www.apache.org/licenses/LICENSE-2.0.txt	androidx.lifecycle:lifecycle-runtime-ktx:2.9.4	0af68ccd282a3f98d832f391b6655098d476f19d91f40f909d3c695814a11cab	human-review-pending
androidx.lifecycle:lifecycle-runtime:2.9.4	The Apache Software License, Version 2.0	http://www.apache.org/licenses/LICENSE-2.0.txt	androidx.lifecycle:lifecycle-runtime:2.9.4	d617a519ddb36a308213f5b9af99163b0a3a3739ce0381b6c8d0fa6814613a08	human-review-pending
androidx.lifecycle:lifecycle-viewmodel-android:2.9.4	The Apache Software License, Version 2.0	http://www.apache.org/licenses/LICENSE-2.0.txt	androidx.lifecycle:lifecycle-viewmodel-android:2.9.4	9660b5a2d80ffe0f0e5b4f993b581d15972a8c14aae51784b6097bc97be0379e	human-review-pending
androidx.lifecycle:lifecycle-viewmodel-ktx:2.9.4	The Apache Software License, Version 2.0	http://www.apache.org/licenses/LICENSE-2.0.txt	androidx.lifecycle:lifecycle-viewmodel-ktx:2.9.4	0ccd0e9d361ad69b6a7253ab4ed2124a3bd4fbf9b338e36c1431b3c5ee7bc794	human-review-pending
androidx.lifecycle:lifecycle-viewmodel-savedstate-android:2.9.4	The Apache Software License, Version 2.0	http://www.apache.org/licenses/LICENSE-2.0.txt	androidx.lifecycle:lifecycle-viewmodel-savedstate-android:2.9.4	34ab8491e6b631123ce5f7f0ae06dfa238c211dcf3e71033ed61656f9d47718c	human-review-pending
androidx.lifecycle:lifecycle-viewmodel-savedstate:2.9.4	The Apache Software License, Version 2.0	http://www.apache.org/licenses/LICENSE-2.0.txt	androidx.lifecycle:lifecycle-viewmodel-savedstate:2.9.4	6912b55c745c579ec6fcbeb0065d5a17d8b5f06dd0a58788037d41e40db50202	human-review-pending
androidx.lifecycle:lifecycle-viewmodel:2.9.4	The Apache Software License, Version 2.0	http://www.apache.org/licenses/LICENSE-2.0.txt	androidx.lifecycle:lifecycle-viewmodel:2.9.4	054db6f92d9230103b3aca8b0dabcc0d63de26e440ff98eb5b19a2555d3eb037	human-review-pending
androidx.loader:loader:1.0.0	The Apache Software License, Version 2.0	http://www.apache.org/licenses/LICENSE-2.0.txt	androidx.loader:loader:1.0.0	c978d550808b47434aa49a63164110a50b55b0bcc6160a93a2e37d5110df8c5e	human-review-pending
androidx.localbroadcastmanager:localbroadcastmanager:1.0.0	The Apache Software License, Version 2.0	http://www.apache.org/licenses/LICENSE-2.0.txt	androidx.localbroadcastmanager:localbroadcastmanager:1.0.0	a000041f5a1f79283c5175e1bb60cf3683780f401c6a9d34fbe9751253fa6ff9	human-review-pending
androidx.navigationevent:navigationevent-android:1.0.0	The Apache Software License, Version 2.0	http://www.apache.org/licenses/LICENSE-2.0.txt	androidx.navigationevent:navigationevent-android:1.0.0	5cabbb40f3fba11166576a839acf4eb6db59ab5e5ebcb16361d41f8bec805b50	human-review-pending
androidx.navigationevent:navigationevent-compose-android:1.0.0	The Apache Software License, Version 2.0	http://www.apache.org/licenses/LICENSE-2.0.txt	androidx.navigationevent:navigationevent-compose-android:1.0.0	6a3b7e989b18ab25274dbd0531dcc4d66e4efb8de4985daff539d5131285bff8	human-review-pending
androidx.navigationevent:navigationevent-compose:1.0.0	The Apache Software License, Version 2.0	http://www.apache.org/licenses/LICENSE-2.0.txt	androidx.navigationevent:navigationevent-compose:1.0.0	58899c64fefa0768066621c8994385182c52a0848a78c882705f5e7dabd98471	human-review-pending
androidx.navigationevent:navigationevent:1.0.0	The Apache Software License, Version 2.0	http://www.apache.org/licenses/LICENSE-2.0.txt	androidx.navigationevent:navigationevent:1.0.0	de7fae42b4234f6fedc7762510bcb5db9860187be56f3bfec34b73db6e4a22a2	human-review-pending
androidx.print:print:1.0.0	The Apache Software License, Version 2.0	http://www.apache.org/licenses/LICENSE-2.0.txt	androidx.print:print:1.0.0	62482c0594841bee24bb996abb6cb7b320a6a3b77dca9f0a0ba4fe3be5530aa7	human-review-pending
androidx.profileinstaller:profileinstaller:1.4.0	The Apache Software License, Version 2.0	http://www.apache.org/licenses/LICENSE-2.0.txt	androidx.profileinstaller:profileinstaller:1.4.0	d5fe39981a3b4b7c39585130da0bfc93835054c834a438d3e63e065e5f78be55	human-review-pending
androidx.room:room-common-jvm:2.8.5	The Apache Software License, Version 2.0	http://www.apache.org/licenses/LICENSE-2.0.txt	androidx.room:room-common-jvm:2.8.5	ade6667dad5e05dc5b3aca95a6ba417f4ad10cabf657b1d5065ba8e4d515b0b0	human-review-pending
androidx.room:room-common:2.8.5	The Apache Software License, Version 2.0	http://www.apache.org/licenses/LICENSE-2.0.txt	androidx.room:room-common:2.8.5	74d2d936b97a34c53f1823435394c947779de5760c18c5e4e4794e6d687860b4	human-review-pending
androidx.room:room-runtime-android:2.8.5	The Apache Software License, Version 2.0	http://www.apache.org/licenses/LICENSE-2.0.txt	androidx.room:room-runtime-android:2.8.5	da0d9ea1349dbf668496b7afff90ae8078155e5a884ea1583dbcfa156f2a0595	human-review-pending
androidx.room:room-runtime:2.8.5	The Apache Software License, Version 2.0	http://www.apache.org/licenses/LICENSE-2.0.txt	androidx.room:room-runtime:2.8.5	0f13072c552ae6171780ecfb746bee061769fc17ca215455d548dc3384553b37	human-review-pending
androidx.savedstate:savedstate-android:1.3.2	The Apache Software License, Version 2.0	http://www.apache.org/licenses/LICENSE-2.0.txt	androidx.savedstate:savedstate-android:1.3.2	df09758721e2fe8d5714a2101dcc0941ac824a424b08466e2818876851cdb826	human-review-pending
androidx.savedstate:savedstate-compose-android:1.3.2	The Apache Software License, Version 2.0	http://www.apache.org/licenses/LICENSE-2.0.txt	androidx.savedstate:savedstate-compose-android:1.3.2	701c5a665f8f3d29bd7c622481f6e34785338738e899de3c44c3ce362f03d90a	human-review-pending
androidx.savedstate:savedstate-compose:1.3.2	The Apache Software License, Version 2.0	http://www.apache.org/licenses/LICENSE-2.0.txt	androidx.savedstate:savedstate-compose:1.3.2	95ffc22b591ec37aeab8c7738f434d0ecd8831da2084f207396839a7f71c0083	human-review-pending
androidx.savedstate:savedstate-ktx:1.3.2	The Apache Software License, Version 2.0	http://www.apache.org/licenses/LICENSE-2.0.txt	androidx.savedstate:savedstate-ktx:1.3.2	7c0d5190b3ea64e14782bcf93d9a8f336a026f5609bdaa1f35f63ff426015081	human-review-pending
androidx.savedstate:savedstate:1.3.2	The Apache Software License, Version 2.0	http://www.apache.org/licenses/LICENSE-2.0.txt	androidx.savedstate:savedstate:1.3.2	950c897dca07c256745da55b861b9e8a57fe7a41758ba098a3c30821d941e7f8	human-review-pending
androidx.sqlite:sqlite-android:2.6.2	The Apache Software License, Version 2.0	http://www.apache.org/licenses/LICENSE-2.0.txt	androidx.sqlite:sqlite-android:2.6.2	1407cf53cb40a813434903fee252420f32c109f88560ac8adc771858260d7a3c	human-review-pending
androidx.sqlite:sqlite-framework-android:2.6.2	The Apache Software License, Version 2.0	http://www.apache.org/licenses/LICENSE-2.0.txt	androidx.sqlite:sqlite-framework-android:2.6.2	2618a352ec57009a207575830c11bd6013cd5548df472a0dba678c64821c0446	human-review-pending
androidx.sqlite:sqlite-framework:2.6.2	The Apache Software License, Version 2.0	http://www.apache.org/licenses/LICENSE-2.0.txt	androidx.sqlite:sqlite-framework:2.6.2	90fbc4507a16d2969558d9e9f14f1a11898c6eda789b703f49a79d77b5a297b2	human-review-pending
androidx.sqlite:sqlite:2.6.2	The Apache Software License, Version 2.0	http://www.apache.org/licenses/LICENSE-2.0.txt	androidx.sqlite:sqlite:2.6.2	ed8ff01ea1ae7c9903126a8217e6b0d849cfc2cdf198d0ee93513d96b700f41c	human-review-pending
androidx.startup:startup-runtime:1.1.1	The Apache Software License, Version 2.0	http://www.apache.org/licenses/LICENSE-2.0.txt	androidx.startup:startup-runtime:1.1.1	f4114b5c6859bb1bc3caf281cb6d6f25998fa7f7292c64ceaea74a93210e746b	human-review-pending
androidx.tracing:tracing:1.2.0	The Apache Software License, Version 2.0	http://www.apache.org/licenses/LICENSE-2.0.txt	androidx.tracing:tracing:1.2.0	f34bec4eb58871d31002901377108aaa1ebfe77fa6d882b8b86200b158e26ea1	human-review-pending
androidx.transition:transition:1.6.0	The Apache Software License, Version 2.0	http://www.apache.org/licenses/LICENSE-2.0.txt	androidx.transition:transition:1.6.0	070d7795010071edefbef94b8c9d5a2cac5cb5f3b1a2c5e558546438177c8ef8	human-review-pending
androidx.versionedparcelable:versionedparcelable:1.1.1	The Apache Software License, Version 2.0	http://www.apache.org/licenses/LICENSE-2.0.txt	androidx.versionedparcelable:versionedparcelable:1.1.1	5f51e65873ca612de3838fa90d2ee95b8d040efd31b9c390a19bf94d615cdb2f	human-review-pending
androidx.window:window-core-android:1.5.0	The Apache Software License, Version 2.0	http://www.apache.org/licenses/LICENSE-2.0.txt	androidx.window:window-core-android:1.5.0	463c50b22a969c6274ebdb7b5f56ba1ea1dde352e9679f0a0ba90f3971dbcd57	human-review-pending
androidx.window:window-core:1.5.0	The Apache Software License, Version 2.0	http://www.apache.org/licenses/LICENSE-2.0.txt	androidx.window:window-core:1.5.0	e38a30fe9a9ccb575531b265fec8e23207bda9818977aae495f3fe74b9c9e1f3	human-review-pending
androidx.window:window:1.5.0	The Apache Software License, Version 2.0	http://www.apache.org/licenses/LICENSE-2.0.txt	androidx.window:window:1.5.0	d4f22b991a69600e2ffc36b42ac199626fd96d5f1648c3beeccd35de06fcc351	human-review-pending
com.google.guava:listenablefuture:1.0	The Apache Software License, Version 2.0	http://www.apache.org/licenses/LICENSE-2.0.txt	com.google.guava:guava-parent:26.0-android	f8698ab46ca996ce889c1afc8ca4f25eb8ac6b034dc898d4583742360016cc04	human-review-pending
org.bouncycastle:bcprov-jdk18on:1.86	Bouncy Castle Licence	https://www.bouncycastle.org/licence.html	org.bouncycastle:bcprov-jdk18on:1.86	970b70cb75a184639b6fb9ba3c465aca6a4e1a5f3fff4d65ce8574b2fd79ef38	human-review-pending
org.jetbrains.kotlin:kotlin-stdlib:2.3.20	Apache-2.0	http://www.apache.org/licenses/LICENSE-2.0.txt	org.jetbrains.kotlin:kotlin-stdlib:2.3.20	c83c02d9a7e2e954730491c33c2f1dc03c27662e27b566ec2b44d2d018639b98	human-review-pending
org.jetbrains.kotlinx:kotlinx-coroutines-android:1.10.2	Apache-2.0	https://www.apache.org/licenses/LICENSE-2.0.txt	org.jetbrains.kotlinx:kotlinx-coroutines-android:1.10.2	b92d3672e7f9e8f4c4e2ab187c3e31fecc506496396f4a5f27ee1c957a42b319	human-review-pending
org.jetbrains.kotlinx:kotlinx-coroutines-bom:1.10.2	Apache-2.0	https://www.apache.org/licenses/LICENSE-2.0.txt	org.jetbrains.kotlinx:kotlinx-coroutines-bom:1.10.2	faf0c6538e53ddc0499a63664d8e763c216580b2e18e722ccbdf1b431a6afe26	human-review-pending
org.jetbrains.kotlinx:kotlinx-coroutines-core-jvm:1.10.2	Apache-2.0	https://www.apache.org/licenses/LICENSE-2.0.txt	org.jetbrains.kotlinx:kotlinx-coroutines-core-jvm:1.10.2	658f576b96c832e7382406adb197d64d8e2e97de10e96dfa3700decfa2a60def	human-review-pending
org.jetbrains.kotlinx:kotlinx-coroutines-core:1.10.2	Apache-2.0	https://www.apache.org/licenses/LICENSE-2.0.txt	org.jetbrains.kotlinx:kotlinx-coroutines-core:1.10.2	519da5400096f3462a4dae80783ad050413d4bc81ec7ae53fae76aef0ccbed4c	human-review-pending
org.jetbrains.kotlinx:kotlinx-serialization-bom:1.7.3	The Apache Software License, Version 2.0	https://www.apache.org/licenses/LICENSE-2.0.txt	org.jetbrains.kotlinx:kotlinx-serialization-bom:1.7.3	4226a491c5b59ce909f73b65aa98944191c8dcac3825637c6be1069e6b589a46	human-review-pending
org.jetbrains.kotlinx:kotlinx-serialization-core-jvm:1.7.3	The Apache Software License, Version 2.0	https://www.apache.org/licenses/LICENSE-2.0.txt	org.jetbrains.kotlinx:kotlinx-serialization-core-jvm:1.7.3	734f5f749208dd0bef3d98caa594cf9222afdf0fee5b6843347a8fe64e240427	human-review-pending
org.jetbrains.kotlinx:kotlinx-serialization-core:1.7.3	The Apache Software License, Version 2.0	https://www.apache.org/licenses/LICENSE-2.0.txt	org.jetbrains.kotlinx:kotlinx-serialization-core:1.7.3	31d111776b9af777ca167103f2d61fbeeaa32dae6dd6635906b76d8278ba5730	human-review-pending
org.jetbrains:annotations:23.0.0	The Apache Software License, Version 2.0	https://www.apache.org/licenses/LICENSE-2.0.txt	org.jetbrains:annotations:23.0.0	c9490f655132328df2cfbcfdf743f53fc3916d6c1d10437175a6ca6e3a67771c	human-review-pending
org.jspecify:jspecify:1.0.0	The Apache License, Version 2.0	http://www.apache.org/licenses/LICENSE-2.0.txt	org.jspecify:jspecify:1.0.0	cdab929a3b95211f43d2090c5e2d0dfe8465960e378bc32b35841dab324433a6	human-review-pending
