id	seed_hex	expanded_hex	ed_public_hex	x_private_hex	x_public_hex
rfc8032-1	9d61b19deffd5a60ba844af492ec2cc44449c5697b326919703bac031cae7f60	307c83864f2833cb427a2ef1c00a013cfdff2768d980c0a3a520f006904de94f9b4f0afe280b746a778684e75442502057b7473a03f08f96f5a38e9287e01f8f	d75a980182b10ab7d54bfed3c964073a0ee172f3daa62325af021a68f707511a	307c83864f2833cb427a2ef1c00a013cfdff2768d980c0a3a520f006904de94f	d85e07ec22b0ad881537c2f44d662d1a143cf830c57aca4305d85c7a90f6b62e
rfc8032-2	4ccd089b28ff96da9db6c346ec114e0f5b8a319f35aba624da8cf6ed4fb8a6fb	68bd9ed75882d52815a97585caf4790a7f6c6b3b7f821c5e259a24b02e502e514566848291dacaf225cc63deb348da318e2c2e17b00b8160f9ce6bfa0472911d	3d4017c3e843895a92b70aa74d1b7ebc9c982ccf2ec4968cc0cd55f12af4660c	68bd9ed75882d52815a97585caf4790a7f6c6b3b7f821c5e259a24b02e502e51	25c704c594b88afc00a76b69d1ed2b984d7e22550f3ed0802d04fbcd07d38d47
rfc8032-3	c5aa8df43f9f837bedb7442f31dcb7b166d38535076f094b85ce3a2e0b4458f7	909a8b755ed902849023a55b15c23d11ba4d7f4ec5c2f51b1325a181991ea95c6608c8666b9cde2325f539d7d83386fe8187c6be61d8a70c247190d64edf5f1e	fc51cd8e6218a1a38da47ed00230f0580816ed13ba3303ac5deb911548908025	909a8b755ed902849023a55b15c23d11ba4d7f4ec5c2f51b1325a181991ea95c	cbb22fc9f790bd3eba9b84680c157ca4950a9894362601701f89c3c4d9fda23a
deterministic-0	cacd4b1c84709cb93c266d1620e7f11f56dbceb049d78747cc8ecbbff9b536b8	5071d41f219f451ccc5559ce0d6426c50b0b97c7de1b5aecb138afcfaca581416c6dc43e303bdfec5329d65d7cdef3ef4ec923cc584245b84b1874946643d7a5	2d80be861acf6bdcaeb0bfaa84b4284e58565991f2a23ba633c11d7f81f639b0	5071d41f219f451ccc5559ce0d6426c50b0b97c7de1b5aecb138afcfaca58141	b224f2f66fe92af0a2b2416e8a4e06d8374f432cf1432a02dc06cb92014b7676
deterministic-1	6e78b5eb006aacbe3ae05f9709a47f02fdd8ebff877832c87e0b8ea878233573	b0e8f4c03106774cd1300978d8049083f23c9a3bd0a178a3c7bbc88aa3f73f73d7aee317b3a7415ae0726611f7b60e59c950218051ea1630f771b720bbddfb1f	6e679855e01845fb991973719fb57ed5557e4e931fe17b9e6677467a95aa7143	b0e8f4c03106774cd1300978d8049083f23c9a3bd0a178a3c7bbc88aa3f73f73	b3346cf2cf1d5089de514bb71ec08df3477a66cc5a625c56af607895879be25d
deterministic-2	ec775e2d3086b7eb35f7149b44d8b93f69e7c162a27b1528d46d50a9c36be5c5	50fa118fc0404f97e62dba4b94633152893a99ebbc9a5563d65417f108123473a929d3efb50b956e362295f38553e3ad5261f40b68b78989214f136e61e15a2e	e9d8011d636bbe3af21bae3d5333b72884d09b50bf5921055070f1188cd4ccf8	50fa118fc0404f97e62dba4b94633152893a99ebbc9a5563d65417f108123473	f82761fcf21c931f9b7a12b8cebe8cc7cea59a80ab0806db6340f903c5b0d948
deterministic-3	1f8febbad0d17a144421e9a4b105207383903090f8e5a9147fbfbd3e1a50b736	90dbec2939d8e7fa579b4dbf8045c5e6023f4bf27b122c6ae34cdd858d0eb05bc20a0d087cda6cd27b7d1e5bfc05e2dad281fcd5d535473b4a99007308052d5d	1bbe7d8b0bbd1b3a2ba43a64ec16ea90343fbcda91c2f5ef6b7f63e8509edd56	90dbec2939d8e7fa579b4dbf8045c5e6023f4bf27b122c6ae34cdd858d0eb05b	4491ce58ba654f23cdcc8f78093b61374fce5a66fca34aa622bce5d8ef76df40
deterministic-4	e9550649c82fbef6e83fda0d127c7f7856751e358ee495a3bb790749531801ea	d8aaa585f94ffe180e22426787266880d3e2c4a46815d636948d6db50cbba56b40f753daa99759159536c886cf3d46277ca9e2c4b2cced2d9d159237886abf8c	4f3810c0e06e8dc3f886997899751b3c123f4fa2b9ad307fed8f123efdd610eb	d8aaa585f94ffe180e22426787266880d3e2c4a46815d636948d6db50cbba56b	84f9ca53e79668f3482a09e1f9348e38b2fe3c30049234fb3089e14772ee512b
deterministic-5	13da99e1c070f599e17982749af746054d975d6e6648ea76c4a566c20d88e391	100d4895ea7494512736c3142c7700a936fd6d95505921a94b2b76db7c78606d514e16ca180998f4a3384fe08de5e7f1a199e81eb5cd1db376787cb0b058dd46	e9ec45a5d8847dc330d822e873ad6f1ecb5b99928292cb19cba98939c20ff08a	100d4895ea7494512736c3142c7700a936fd6d95505921a94b2b76db7c78606d	54d30345859b8aad1b06bdac7d0689a776d30c874ff1abad688005242a7e2d09
deterministic-6	c2046216a4c4ee9210f48f68646cbc955f27dd1947469420f8aafd00999ad9c4	88208d3591beee2a9ad617679b64c00eca8e884f3884649a6fae17e5ecb24f42592c9138eb3c007eaab0f8d44a3b1cfce7244f08a4d88f0ad341e2c7ec776c4c	ba55b974537722d09aabfc50cf1da27d5992311770cbf30893f51c9b76a5be39	88208d3591beee2a9ad617679b64c00eca8e884f3884649a6fae17e5ecb24f42	d8f87178498937cbff0ef2cc88ae5e6b9c05566b6e06e80f8f2ebab94dadc055
deterministic-7	50337582ab07278396377a6b3fb9f7e63356c32114b8c55c14616ca15c0e4f0d	288ee3098e081c60105121b637d4ed3a422de05fa5fef28ab03377fbb00413410ca6f315af7912903fd63cc779ca9e1e6a5f6f33a551d2ddfdd79114d3f05301	6d4736b8b6542a2e86b6ef120b4c225eaeb7dee890796e0251f9d8dbe2e4fcd8	288ee3098e081c60105121b637d4ed3a422de05fa5fef28ab03377fbb0041341	bfcd8d8e22bf81d71d8f3f6afb6ea209eed6c19aaa73bb0d0c670ae2a2100928
deterministic-8	bf05e16936e5bdf523bcda891e5bea1d520b0e0e90426ebcb142d1c527504551	20f63f9b90f528e17cdd658f69d1aa0ac27e7bd027266081cc6a24fc225c6f517465e690a2fa74cf150efb2f7f402f07c64b826f9b39cec1d4846b068aea41b4	793cd4fc1b88075c1261973b21606214a350079d6a03da6915aaec1effaf4bd7	20f63f9b90f528e17cdd658f69d1aa0ac27e7bd027266081cc6a24fc225c6f51	84555fb7577c337cf13a35dda5393c4c984937e31521aeaa6d590bd77177f067
deterministic-9	896530280018a9b91f0a2bc9a1275cc4cc27107f531b2dcdd5c86302fc084513	488526dea2f6af81ebf693497a985d656c0b80acdfcb7ac288d53af49d9f2447bf71596a25074a8fea258a511bad09f3178c8bb707a284f8a4941266dc2c4c78	874dbe6d9c238b6cf7814dddcb628443ce3203d9c8a3c1cfd091ab2aaf03c000	488526dea2f6af81ebf693497a985d656c0b80acdfcb7ac288d53af49d9f2447	23d02208bc336a485d4f8adc750024a55ff886e36ff21f3534a76572c0c0c244
deterministic-10	797717ba3a496d5b1520b02b0b2b748598e8cca11df6b20f57c6b766659d3855	48bfd3e82dfde1b7e0e50a2ae1a4a557e10b9ef93a931b7edca6235ce676f17a8cd9fbd360d10e798509c84b371631d40d5d80420540313126cee73ff8e58e0c	9998d9c78b736682aeb0ae94fb2709871cb70d1b97e671f796a7e61b387f602c	48bfd3e82dfde1b7e0e50a2ae1a4a557e10b9ef93a931b7edca6235ce676f17a	c578dacebd957923fa6fdace22e4042d10da5b2b5a5ac85417e720525205ac77
deterministic-11	0881c95fadb619547293e5b3a12d4ec6a0488219fc99f3dada144f3d84fcbb77	584c685b7eb0ae5aec3671024d8b4167a246de2dd51617d8a2992b7d10c3e05b52c5040e35d48d268a5dec2592a7f14a1f947459733466633ed3ec176ccb0fa2	169681c6a3a563bc5dcbec7be7f700e928a0c8135efda602af6565d0cc92f12b	584c685b7eb0ae5aec3671024d8b4167a246de2dd51617d8a2992b7d10c3e05b	70c8f9941f8762343c584e49abdba0f94be69a9da3ccae69aa2045736f99e63d
deterministic-12	184fe1d4958ebe76b78fd953c08bab8220fbdc04a08841d208b1c9d40fda1810	38a2d000602e19a401c5c0c89c7fd3867e536ceab3cf21ed5bbabdd8916798615cf34c58628f7f1b901d05839fe5e514e4ef0c10bedcd53f1b3067e4933eb4f9	9b92edebd2dd133762bb34646e795109fc34103583c087224bbb96b689c6af9d	38a2d000602e19a401c5c0c89c7fd3867e536ceab3cf21ed5bbabdd891679861	0caab718097ccd143d4abcc3151f77273ab2d786a58fde362a1f72a4a5f54152
deterministic-13	7957b2afb1729581eba584743a8aa061ded938ad474250e14e66d7bbb78ec338	7032a61846f4015999b3c7612e480537a282bd103e7c0af20f97f478cfbb7860883285ffca64fd5d024558b446753e02244be3ee1c3f10c938e4310b3c58469b	5b7d3bceb105bcafe17f9ee4e291daeb1996435351b90fec08e17e3cd3ac14f6	7032a61846f4015999b3c7612e480537a282bd103e7c0af20f97f478cfbb7860	75e311cd239013076b7083516beb3257d42241b21303e365f534aa1c96a2617e
deterministic-14	57875c9692f5ece25f15461cec47592950d69e174e8952066cdf8d519905b269	2004c38d3eb9d9972a388c87ca5550e6f400101fb00665f88dde31b8f53e8a603b461b56f3bbb9cc94316b5e8e94fab8655e103ac7fa4bf24bd434a2f932f426	8f037428e7f83517ad284d195e15e811ff4dac200e0c321d560a03a4ffbc2ef1	2004c38d3eb9d9972a388c87ca5550e6f400101fb00665f88dde31b8f53e8a60	eed5ce5b47583cab31eba196e82cfcb1790a40d34f9d31d16d941a05f690dc53
deterministic-15	778f7af6e97f11b3dea584eac2004ba7ea38ca35d1814553017bd32a45ad40bf	f08cf0885673336821ce8619d1cb745dcd20881a76dd90407dda11e32e6a414c7c7919c13e229f4c7ababd9f1419be8cfaa35290ec708d21772413feb15a03c3	2e02ad4294f8b66774c7b637d8ec2727e26fa068ed2ca08c3e49b36bab3aacce	f08cf0885673336821ce8619d1cb745dcd20881a76dd90407dda11e32e6a414c	fc9ca3c8d119155f9b4316abca7c10b862a2a7198dfc3c1f79419d1845edf149
